day,scheme,participation,re_penetration,peak_MW,load_factor,PAR,net_peak_MW,daily_cost,bill,curtailed_MWh,re_used_MWh,peak_reduction_pct,net_peak_reduction_pct,cost_change_pct,bill_change_pct
summer,S0_flat,0.0,0.2,259.0,0.926,1.08,240.562,152227.232,35412607.85,0.0,365.822,0.0,0.0,0.0,0.0
summer,S1_TOU,0.1,0.2,259.327,0.924,1.082,240.537,152227.14,35404958.783,0.0,365.822,-0.126,0.011,-0.0,-0.022
summer,S1_TOU,0.3,0.2,259.982,0.922,1.084,240.485,152227.397,35393574.3,0.0,365.822,-0.379,0.032,0.0,-0.054
summer,S1_TOU,0.5,0.2,260.637,0.92,1.087,240.434,152228.243,35382190.419,0.0,365.822,-0.632,0.053,0.001,-0.086
summer,S2_RTP,0.1,0.2,259.777,0.923,1.084,239.864,152223.605,35381365.995,0.0,365.822,-0.3,0.29,-0.002,-0.088
summer,S2_RTP,0.3,0.2,261.331,0.917,1.09,238.468,152218.633,35318882.384,0.0,365.822,-0.9,0.87,-0.006,-0.265
summer,S2_RTP,0.5,0.2,262.884,0.912,1.097,237.202,152216.703,35256398.905,0.0,365.822,-1.5,1.397,-0.007,-0.441
summer,S3_CPP,0.1,0.2,259.816,0.923,1.084,241.752,152226.199,35286395.72,0.0,365.822,-0.315,-0.495,-0.001,-0.356
summer,S3_CPP,0.3,0.2,261.448,0.917,1.091,244.131,152234.31,35034047.776,0.0,365.822,-0.945,-1.483,0.005,-1.069
summer,S3_CPP,0.5,0.2,263.079,0.911,1.097,246.508,152255.975,34781801.534,0.0,365.822,-1.575,-2.472,0.019,-1.781
summer,S2b_RTP_net,0.1,0.2,258.175,0.929,1.077,238.779,152216.379,35373390.686,0.0,365.822,0.319,0.742,-0.007,-0.111
summer,S2b_RTP_net,0.3,0.2,256.566,0.934,1.07,235.21,152197.625,35294939.339,0.0,365.822,0.94,2.225,-0.019,-0.332
summer,S2b_RTP_net,0.5,0.2,255.789,0.937,1.067,232.366,152182.808,35216465.293,0.0,365.822,1.24,3.407,-0.029,-0.554
summer,S3b_CPP_net,0.1,0.2,259.533,0.924,1.083,237.926,152216.405,35307904.693,0.0,365.822,-0.206,1.096,-0.007,-0.296
summer,S3b_CPP_net,0.3,0.2,260.601,0.92,1.087,236.306,152203.595,35098401.414,0.0,365.822,-0.618,1.769,-0.016,-0.887
summer,S3b_CPP_net,0.5,0.2,261.669,0.916,1.092,238.473,152202.593,34888768.739,0.0,365.822,-1.031,0.869,-0.016,-1.479
summer,S0_flat,0.0,0.5,259.0,0.926,1.08,226.856,132799.433,35412607.85,0.0,914.555,0.0,0.0,0.0,0.0
summer,S2_RTP,0.3,0.5,261.331,0.917,1.09,224.762,132759.644,35318882.384,0.0,914.555,-0.9,0.923,-0.03,-0.265
summer,S2b_RTP_net,0.3,0.5,260.524,0.92,1.087,221.918,132746.343,35287502.205,0.0,914.555,-0.589,2.177,-0.04,-0.353
winter,S0_flat,0.0,0.2,219.86,0.802,1.247,191.6,102956.806,25873592.04,0.0,299.58,0.0,0.0,0.0,0.0
winter,S1_TOU,0.1,0.2,220.019,0.801,1.248,191.361,102957.341,25872969.476,0.0,299.58,-0.072,0.125,0.001,-0.002
winter,S1_TOU,0.3,0.2,220.337,0.8,1.25,191.07,102958.54,25868989.45,0.0,299.58,-0.217,0.277,0.002,-0.018
winter,S1_TOU,0.5,0.2,220.655,0.799,1.251,191.388,102959.911,25865009.453,0.0,299.58,-0.362,0.111,0.003,-0.033
winter,S2_RTP,0.1,0.2,219.904,0.802,1.247,190.65,102940.941,25850195.491,0.0,299.58,-0.02,0.496,-0.015,-0.09
winter,S2_RTP,0.3,0.2,219.991,0.802,1.248,190.724,102910.501,25803400.326,0.0,299.58,-0.06,0.457,-0.045,-0.271
winter,S2_RTP,0.5,0.2,220.079,0.801,1.248,190.812,102881.778,25756602.402,0.0,299.58,-0.1,0.411,-0.073,-0.452
winter,S3_CPP,0.1,0.2,220.42,0.8,1.25,191.153,102944.902,25782138.834,0.0,299.58,-0.255,0.234,-0.012,-0.353
winter,S3_CPP,0.3,0.2,221.539,0.796,1.256,192.272,102926.936,25599251.396,0.0,299.58,-0.764,-0.351,-0.029,-1.06
winter,S3_CPP,0.5,0.2,222.659,0.792,1.263,193.392,102916.753,25416389.253,0.0,299.58,-1.273,-0.935,-0.039,-1.767
winter,S2b_RTP_net,0.1,0.2,219.201,0.804,1.243,190.945,102937.89,25853270.716,0.0,299.58,0.3,0.342,-0.018,-0.079
winter,S2b_RTP_net,0.3,0.2,217.883,0.809,1.236,189.633,102901.061,25812627.145,0.0,299.58,0.899,1.027,-0.054,-0.236
winter,S2b_RTP_net,0.5,0.2,216.566,0.814,1.228,188.322,102865.566,25771982.342,0.0,299.58,1.498,1.711,-0.089,-0.393
winter,S3b_CPP_net,0.1,0.2,217.21,0.812,1.232,189.238,102941.866,25785912.968,0.0,299.58,1.206,1.233,-0.015,-0.339
winter,S3b_CPP_net,0.3,0.2,217.086,0.812,1.231,188.461,102918.762,25610542.028,0.0,299.58,1.262,1.638,-0.037,-1.017
winter,S3b_CPP_net,0.5,0.2,218.816,0.806,1.241,190.192,102904.691,25435154.025,0.0,299.58,0.475,0.735,-0.051,-1.695
winter,S0_flat,0.0,0.5,219.86,0.802,1.247,185.136,88718.519,25873592.04,0.0,748.95,0.0,0.0,0.0,0.0
winter,S2_RTP,0.3,0.5,219.991,0.802,1.248,182.285,88677.261,25803400.326,0.0,748.95,-0.06,1.539,-0.047,-0.271
winter,S2b_RTP_net,0.3,0.5,220.349,0.8,1.25,181.235,88662.959,25796630.935,0.0,748.95,-0.222,2.107,-0.063,-0.297
