day,sweep,value,scheme,peak_reduction_pct,net_peak_reduction_pct
summer,elasticity_scale,0.5,S1_TOU,-0.19,0.016
summer,elasticity_scale,0.5,S2_RTP,-0.45,0.435
summer,elasticity_scale,0.5,S3_CPP,-0.473,-0.742
summer,elasticity_scale,0.5,S2b_RTP_net,0.478,1.112
summer,elasticity_scale,0.5,S3b_CPP_net,-0.309,1.644
summer,elasticity_scale,1.0,S1_TOU,-0.379,0.032
summer,elasticity_scale,1.0,S2_RTP,-0.9,0.87
summer,elasticity_scale,1.0,S3_CPP,-0.945,-1.483
summer,elasticity_scale,1.0,S2b_RTP_net,0.94,2.225
summer,elasticity_scale,1.0,S3b_CPP_net,-0.618,1.769
summer,elasticity_scale,2.0,S1_TOU,-0.759,0.064
summer,elasticity_scale,2.0,S2_RTP,-1.8,1.074
summer,elasticity_scale,2.0,S3_CPP,-1.89,-2.966
summer,elasticity_scale,2.0,S2b_RTP_net,1.39,3.95
summer,elasticity_scale,2.0,S3b_CPP_net,-1.237,0.418
summer,elasticity_scale,3.0,S1_TOU,-1.138,0.096
summer,elasticity_scale,3.0,S2_RTP,-2.7,0.105
summer,elasticity_scale,3.0,S3_CPP,-2.834,-4.447
summer,elasticity_scale,3.0,S2b_RTP_net,1.585,5.003
summer,elasticity_scale,3.0,S3b_CPP_net,-1.856,-0.934
summer,re_penetration,0.1,S1_TOU,-0.379,-0.399
summer,re_penetration,0.1,S2_RTP,-0.9,-0.947
summer,re_penetration,0.1,S3_CPP,-0.945,-1.032
summer,re_penetration,0.1,S2b_RTP_net,1.799,1.919
summer,re_penetration,0.1,S3b_CPP_net,0.69,0.764
summer,re_penetration,0.2,S1_TOU,-0.379,0.032
summer,re_penetration,0.2,S2_RTP,-0.9,0.87
summer,re_penetration,0.2,S3_CPP,-0.945,-1.483
summer,re_penetration,0.2,S2b_RTP_net,0.94,2.225
summer,re_penetration,0.2,S3b_CPP_net,-0.618,1.769
summer,re_penetration,0.3,S1_TOU,-0.379,0.033
summer,re_penetration,0.3,S2_RTP,-0.9,0.887
summer,re_penetration,0.3,S3_CPP,-0.945,-1.512
summer,re_penetration,0.3,S2b_RTP_net,0.159,2.392
summer,re_penetration,0.3,S3b_CPP_net,-0.618,1.885
summer,re_penetration,0.5,S1_TOU,-0.379,0.034
summer,re_penetration,0.5,S2_RTP,-0.9,0.923
summer,re_penetration,0.5,S3_CPP,-0.945,-1.573
summer,re_penetration,0.5,S2b_RTP_net,-0.589,2.177
summer,re_penetration,0.5,S3b_CPP_net,-0.618,2.13
summer,cross_ratio,0.1,S1_TOU,-0.46,0.136
summer,cross_ratio,0.1,S2_RTP,-1.049,1.119
summer,cross_ratio,0.1,S3_CPP,-1.094,-0.947
summer,cross_ratio,0.1,S2b_RTP_net,0.988,2.561
summer,cross_ratio,0.1,S3b_CPP_net,-0.756,2.115
summer,cross_ratio,0.3,S1_TOU,-0.379,0.032
summer,cross_ratio,0.3,S2_RTP,-0.9,0.87
summer,cross_ratio,0.3,S3_CPP,-0.945,-1.483
summer,cross_ratio,0.3,S2b_RTP_net,0.94,2.225
summer,cross_ratio,0.3,S3b_CPP_net,-0.618,1.769
summer,cross_ratio,0.5,S1_TOU,-0.299,-0.072
summer,cross_ratio,0.5,S2_RTP,-0.75,0.622
summer,cross_ratio,0.5,S3_CPP,-0.796,-2.019
summer,cross_ratio,0.5,S2b_RTP_net,0.888,1.883
summer,cross_ratio,0.5,S3b_CPP_net,-0.48,1.423
winter,elasticity_scale,0.5,S1_TOU,-0.108,0.187
winter,elasticity_scale,0.5,S2_RTP,-0.03,0.491
winter,elasticity_scale,0.5,S3_CPP,-0.382,0.087
winter,elasticity_scale,0.5,S2b_RTP_net,0.45,0.513
winter,elasticity_scale,0.5,S3b_CPP_net,1.808,1.849
winter,elasticity_scale,1.0,S1_TOU,-0.217,0.277
winter,elasticity_scale,1.0,S2_RTP,-0.06,0.457
winter,elasticity_scale,1.0,S3_CPP,-0.764,-0.351
winter,elasticity_scale,1.0,S2b_RTP_net,0.899,1.027
winter,elasticity_scale,1.0,S3b_CPP_net,1.262,1.638
winter,elasticity_scale,2.0,S1_TOU,-0.434,0.028
winter,elasticity_scale,2.0,S2_RTP,-0.119,0.389
winter,elasticity_scale,2.0,S3_CPP,-1.527,-1.227
winter,elasticity_scale,2.0,S2b_RTP_net,1.798,2.053
winter,elasticity_scale,2.0,S3b_CPP_net,0.081,0.283
winter,elasticity_scale,3.0,S1_TOU,-0.651,-0.221
winter,elasticity_scale,3.0,S2_RTP,-0.179,0.32
winter,elasticity_scale,3.0,S3_CPP,-2.291,-2.103
winter,elasticity_scale,3.0,S2b_RTP_net,2.697,3.08
winter,elasticity_scale,3.0,S3b_CPP_net,-1.1,-1.072
winter,re_penetration,0.1,S1_TOU,-0.217,-0.232
winter,re_penetration,0.1,S2_RTP,-0.06,-0.064
winter,re_penetration,0.1,S3_CPP,-0.764,-0.818
winter,re_penetration,0.1,S2b_RTP_net,1.164,1.247
winter,re_penetration,0.1,S3b_CPP_net,2.99,3.203
winter,re_penetration,0.2,S1_TOU,-0.217,0.277
winter,re_penetration,0.2,S2_RTP,-0.06,0.457
winter,re_penetration,0.2,S3_CPP,-0.764,-0.351
winter,re_penetration,0.2,S2b_RTP_net,0.899,1.027
winter,re_penetration,0.2,S3b_CPP_net,1.262,1.638
winter,re_penetration,0.3,S1_TOU,-0.217,0.378
winter,re_penetration,0.3,S2_RTP,-0.06,1.36
winter,re_penetration,0.3,S3_CPP,-0.764,3.925
winter,re_penetration,0.3,S2b_RTP_net,0.492,1.387
winter,re_penetration,0.3,S3b_CPP_net,-0.603,3.664
winter,re_penetration,0.5,S1_TOU,-0.217,0.387
winter,re_penetration,0.5,S2_RTP,-0.06,1.539
winter,re_penetration,0.5,S3_CPP,-0.764,4.016
winter,re_penetration,0.5,S2b_RTP_net,-0.222,2.107
winter,re_penetration,0.5,S3b_CPP_net,-0.603,3.75
winter,cross_ratio,0.1,S1_TOU,-0.28,0.205
winter,cross_ratio,0.1,S2_RTP,0.004,0.53
winter,cross_ratio,0.1,S3_CPP,-0.991,-0.611
winter,cross_ratio,0.1,S2b_RTP_net,1.024,1.134
winter,cross_ratio,0.1,S3b_CPP_net,1.459,1.865
winter,cross_ratio,0.3,S1_TOU,-0.217,0.277
winter,cross_ratio,0.3,S2_RTP,-0.06,0.457
winter,cross_ratio,0.3,S3_CPP,-0.764,-0.351
winter,cross_ratio,0.3,S2b_RTP_net,0.899,1.027
winter,cross_ratio,0.3,S3b_CPP_net,1.262,1.638
winter,cross_ratio,0.5,S1_TOU,-0.154,0.349
winter,cross_ratio,0.5,S2_RTP,-0.123,0.384
winter,cross_ratio,0.5,S3_CPP,-0.537,-0.09
winter,cross_ratio,0.5,S2b_RTP_net,0.774,0.919
winter,cross_ratio,0.5,S3b_CPP_net,1.064,1.412
