day,scheme,peak_MW,load_factor,PAR,peak_reduction_pct,net_peak_reduction_pct,cost_change_pct,bill_change_pct,line_loading_max_pct,v_min_pu,v_max_pu
summer,S1_TOU,259.982,0.922,1.084,-0.379,0.032,0.0,-0.054,80.327,1.01,1.09
summer,S2_RTP,261.331,0.917,1.09,-0.9,0.87,-0.006,-0.265,80.818,1.01,1.09
summer,S3_CPP,261.448,0.917,1.091,-0.945,-1.483,0.005,-1.069,82.451,1.01,1.09
summer,S2b_RTP_net,256.566,0.934,1.07,0.94,2.225,-0.019,-0.332,79.665,1.01,1.09
summer,S3b_CPP_net,260.601,0.92,1.087,-0.618,1.769,-0.016,-0.887,80.54,1.01,1.09
winter,S1_TOU,220.337,0.8,1.25,-0.217,0.277,0.002,-0.018,80.133,1.01,1.09
winter,S2_RTP,219.991,0.802,1.248,-0.06,0.457,-0.045,-0.271,80.037,1.01,1.09
winter,S3_CPP,221.539,0.796,1.256,-0.764,-0.351,-0.029,-1.06,80.467,1.01,1.09
winter,S2b_RTP_net,217.883,0.809,1.236,0.899,1.027,-0.054,-0.236,79.767,1.01,1.09
winter,S3b_CPP_net,217.086,0.812,1.231,1.262,1.638,-0.037,-1.017,79.889,1.01,1.09
