hour,load_MW,solar_pu,wind_pu
0,244.42,0.0,0.429
1,237.7,0.0,0.422
2,231.2,0.0,0.413
3,225.57,0.0,0.402
4,222.87,0.0,0.389
5,222.83,0.001,0.376
6,219.58,0.01,0.363
7,220.57,0.117,0.341
8,228.52,0.333,0.338
9,236.18,0.52,0.365
10,244.11,0.613,0.377
11,247.52,0.633,0.385
12,254.82,0.624,0.397
13,254.16,0.597,0.414
14,257.73,0.578,0.436
15,259.0,0.525,0.452
16,250.15,0.384,0.461
17,242.22,0.185,0.46
18,230.17,0.035,0.452
19,238.05,0.005,0.454
20,242.58,0.001,0.458
21,245.87,0.0,0.452
22,249.7,0.0,0.441
23,247.95,0.0,0.437
