hour,flat,TOU,RTP,CPP
0,6155.0,6500.0,8000.0,6500.0
1,6155.0,6500.0,8000.0,6500.0
2,6155.0,6500.0,8000.0,6500.0
3,6155.0,6500.0,8000.0,6500.0
4,6155.0,6500.0,4500.0,6500.0
5,6155.0,6500.0,4500.0,6500.0
6,6155.0,6500.0,5000.0,6500.0
7,6155.0,6500.0,5000.0,6500.0
8,6155.0,6500.0,5000.0,6500.0
9,6155.0,5200.0,3800.0,5200.0
10,6155.0,5200.0,3800.0,5200.0
11,6155.0,5200.0,3800.0,5200.0
12,6155.0,5200.0,3800.0,5200.0
13,6155.0,5200.0,3800.0,5200.0
14,6155.0,5200.0,3800.0,5200.0
15,6155.0,5200.0,3800.0,5200.0
16,6155.0,5200.0,3800.0,5200.0
17,6155.0,5200.0,6000.0,5200.0
18,6155.0,7475.0,8000.0,19500.0
19,6155.0,7475.0,8000.0,19500.0
20,6155.0,7475.0,8000.0,19500.0
21,6155.0,7475.0,8000.0,19500.0
22,6155.0,6500.0,8000.0,6500.0
23,6155.0,6500.0,8000.0,6500.0
